ID;OPTIE;TEKST;VOLGENDE;RESULTAAT
stap_1;A;2 klauwtjes aan tarsus;stap_2;
stap_1;B;1 of geen klauwtjes aan tarsus;stap_6;
stap_2;A;10 achterlijfsegmenten, laatste achterlijfsegment omgevormd tot voetlob (in tegenstelling tot andere achterlijfsegmenten zonder kieuwen) met 2 paar haakjes (ventraal);;gyrinidae;
stap_2;B;8 achterlijfsegmenten (7e soms 'over' 8e);stap_3;
stap_3;A;staartdraden langer dan 1e achterlijfsegment;stap_4;
stap_3;B;staartdraden afwezig of korter dan 1e achterlijfsegment;stap_5;
stap_4;A;Borst- en eerste 3 achterlijsegmenten ventraal met bundels kieuwen;;Hygrobiidae;
stap_4;B;Geen kieuwenbundels ventraal;;Dytiscidae;
stap_5;A;lange slanke zwempoten(haarzoom). kaken lang slank, sikkelvormig;;Dytiscidae;
stap_5;B;Korte brede graafpoten, kaken kort en breed;;noteridae;
stap_6;A;poten 5 ledig, lichaam lang en recht. achterlijf (meestal) met schubvormige doorntjes of met lange kieuwvormige uitgroeien, steeds met 1 of 2 fijn uitlopende staartdraden;;Haliplidae;
stap_6;B;poten ofwel anders en/of niet met een combinatie van kenmerken als hierboven;stap_7;
stap_7;A;Poten minstens 4-Ledig;stap_8;
stap_7;B;Poten 3-ledig of ontbrekend;stap_15;
stap_8;A;Staartdraden aanwezig en geleed;stap_9;
stap_8;B;staartdraden af- of aanwezig, indien aanwezig dan ongeleed;stap_11;
stap_9;A;9 achterlijfsegmenten, opvallende staartdraden;stap_10;
stap_9;B;8 achterlijfsegmenten, weinig opvallende staartdraden; ;hydrophilidae(partim);
stap_10;A;Lichaam eindigt op 2-2 ledige staartdraden;;hydraenidae;
stap_10;B; Lichaam eindigt op 2 lange 3-ledige staartdraden;;hydrophilidae(partim);
stap_11;A; buikzijde laatste achterlijfsegment met goed ontwikkeld 'dekseltje'(operculum met onderliggende kieuwkwastjes),alle poten even breed, geen staartdraden.;stap_12;
stap_11;B; Buikzijde laatste achterlijfsegment zonder 'dekseltje',staartdraden al dan niet aanwezig;stap_13;
stap_12;A;Lichaam in doorsnede rolrond, operculum enidszins afgerond eivormig,habitus okergele kleur;;dryopidae;
stap_12;B;lichaam minstens ter hoogte van het borststuk enigszins afgevlakt met kiel, operculum +- langerekt(5-)hoekig,habitus kastanjebruine kleur;; Elminthidae;
stap_13;A;Achterlijf zacht zonder verharde plaatjes, met korte laterale kieuwen, kop met sterke kaken;;Hydrophilidae;
stap_13;B;gans het lichaam bestaat uit verharde plaatjes, habitus min of meer dorsoventraal afgeplat;stap_14;
stap_13;C;Geenvan Beide Combinaties van kenmerken;stap_15;
stap_14;A; Kop goed zichtbaar vanaf de rugzijde, lange antennes;;scirtidae;
stap_14;B; Kop grotendeels of geheel verscholen onder schild, niet opvallend lange antennes;; psephenidae;
stap_15;;voornamelijk terrestrische soorten, slechts 2 genera zijn Aquatisch: coelostoma(1) en chaertarthria(2) (beide korte poten);; Hydrophilidae;