step,option,text,next,result
stap_1,A,1a. Larve behoort tot de suborde Echte Libellen (Anisoptera) -> START PAGINA 1,anisoptera_start,
stap_1,B,1b. Larve behoort tot de suborde Juffers (Zygoptera) -> START PAGINA 2,zygoptera_start,
anisoptera_start,A,• Vangmasker vlak (plat),vlak_1,
anisoptera_start,B,• Vangmasker lepelvormig (hol),lepel_1,
vlak_1,A,• Vangmasker rechthoekig plat; antenne fijn draadvormig,vlak_2,
vlak_1,B,• Vangmasker ruit- of driehoekig plat; antenne dik/kort of knotsvormig,vlak_3,
vlak_2,A,"• Ogen groot, halfbolvormig uitpuilend aan de zijkanten van de kop",,AESHNA
vlak_2,B,"• Ogen zeer groot, langgerekt, bijna sluitend op het achterhoofd",,ANAX
vlak_3,A,• Rugknobbel of doorn op abdomen zwak ontwikkeld of afwezig; einde van labiale palp haakvormig,,GOMPHUS
vlak_3,B,• Rugknobbel of doorn op abdomen goed ontwikkeld; einde van labiale palp recht afgestand,vlak_4,
vlak_4,A,• Zijdoorn aanwezig op abdomen-segment 6,,ONYCHOGOMPHUS
vlak_4,B,• Geen zijdoorn aanwezig op abdomen-segment 6,,OPHIOGOMPHUS
lepel_1,A,"• Rand van labiale palpen met onregelmatige, zeer diepe uitsnijdingen (getand)",,CORDULEGASTER
lepel_1,B,"• Rand van labiale palpen met regelmatige, ondiepe uitsnijdingen of glad",lepel_2,
lepel_2,A,• Middendoorn/tand aanwezig aan de binnenbasis van het vangmasker,lepel_3,
lepel_2,B,• Geen middendoorn of tand aanwezig aan de binnenbasis van het vangmasker,lepel_5,
lepel_3,A,• Zijdoornen op abdomen erg groot; zijdoorn op segment 9 reikt tot het einde van de anale piramide,,EPITHECA
lepel_3,B,• Zijdoornen op abdomen normaal of klein; reiken niet tot het einde,lepel_4,
lepel_4,A,• Rugdoornen op het abdomen aanwezig en duidelijk zichtbaar,,CORDULIA
lepel_4,B,• Rugdoornen op het abdomen afwezig of gereduceerd tot gladde knobbeltjes,,SOMATOCHLORA
lepel_5,A,• Rugdoornen op het abdomen afwezig,lepel_6,
lepel_5,B,• Rugdoornen op het abdomen aanwezig,lepel_7,
lepel_6,A,• Geen zijdoornen aanwezig op de abdomen-segmenten 8 en 9,,SOMATOCHLORA_ALT
lepel_6,B,• Zijdoornen wel aanwezig op de abdomen-segmenten 8 en 9,,OXYGASTRA
lepel_7,A,• Rugdoorn aanwezig op abdomen-segment 7,,LIBELLULA
lepel_7,B,• Geen rugdoorn aanwezig op abdomen-segment 7,lepel_8,
lepel_8,A,• Ogen knopvormig en uitstekend; kop achter de ogen rechthoekig,,ORTHETRUM
lepel_8,B,• Ogen relatief groot; kop achter de ogen trapezioumvormig of afgerond,lepel_9,
lepel_9,A,• Ogen in frontaal aanzicht driehoekig; onderzijde abdomen met opvallende donkere lengtebanden,,LEUCORRHINIA
lepel_9,B,• Ogen in frontaal aanzicht ronder; onderzijde abdomen egaal of zonder donkere lengtebanden,lepel_10,
lepel_10,A,• Zijdoornen op segment 9 tamelijk lang (ruim langer dan de helft van het segment),lepel_11,
lepel_10,B,• Geen of zeer korte zijdoornen op de segmenten 8 en 9,lepel_12,
lepel_11,A,• Achterranden van de abdominale sternieten 7 en 8 met een rij fijne borstelhaartjes,,SYMPETRUM
lepel_11,B,"• Achterranden van de abdominale sternieten 7 en 8 kaal, zonder rij borstelhaartjes",,CROCORTHEMIS_ALT
lepel_12,A,• Achterranden van de abdominale sternieten 7 en 8 kaal of met onregelmatige haartjes,,SYMPETRUM_SHORT
lepel_12,B,"• Achterranden van de abdominale sternieten 7 en 8 met een dichte, gelijkmatige rij van fijne borstelhaartjes",,CROCOTHEMIS
zygoptera_start,A,"• Vangmasker (prementum) met een diepe, ruitvormige of driehoekige uitsnijding in het midden",juffer_vlak_1,
zygoptera_start,B,• Vangmasker vooraan gesloten of met een minuscule ondiepe centrale inkeping,juffer_lepel_1,
juffer_vlak_1,A,• Eerste antennesegment erg lang (zo lang als de rest van de antenne samen),,CALOPTERYX
juffer_vlak_1,B,"• Eerste antennesegment normaal, korter dan de overige segmenten samen",,LESTES
juffer_lepel_1,A,• Vangmasker duidelijk gesteeld (loopt smal toe naar de basis); achterhoofdshoeken hoekig,juffer_lepel_2,
juffer_lepel_1,B,• Vangmasker niet gesteeld (gelijkmatiger driehoekig); achterhoofdshoeken rond en glad,juffer_lepel_3,
juffer_lepel_2,A,• Kieuwbladen opvallend breed en aan het uiteinde plotseling afgerond met een klein puntje,,SYMPECMA
juffer_lepel_2,B,"• Kieuwbladen smaller, geleidelijk spits toelopend in een scherpe punt",,LESTES_ALT
juffer_lepel_3,A,"• Binnenrand van de labiale palp met grove, onregelmatige zaagtanden",juffer_lepel_4,
juffer_lepel_3,B,"• Binnenrand van de labiale palp nagenoeg glad of met zeer fijne, regelmatige tandjes",juffer_lepel_5,
juffer_lepel_4,A,• Kieuwbladen met opvallende donkere dwarsbanden; zijranden met dichte borstels,,ERYTHROMMA_MORF
juffer_lepel_4,B,• Kieuwbladen zonder donkere dwarsbanden; lichte egale tekening,,PYRRHOSOMA
juffer_lepel_5,A,"• Kieuwbladen kort en dik (minder dan 5x zo lang als breed), driehoekig in dwarsdoorsnede",,PLATYCNEMIS
juffer_lepel_5,B,"• Kieuwbladen langer, duidelijk zijdelings afgeplat (bladvormig)",juffer_lepel_6,
juffer_lepel_6,A,• Antenne met 6 segmenten,,ERYTHROMMA
juffer_lepel_6,B,• Antenne met 7 segmenten,juffer_lepel_7,
juffer_lepel_7,A,• Kieuwbladen aan het uiteinde stomp of afgerond; tracheeënpatroon vertakt,juffer_lepel_8,
juffer_lepel_7,B,• Kieuwbladen aan het uiteinde spits toelopend of in een punt eindigend,juffer_lepel_9,
juffer_lepel_8,A,• Labiale palp met 3 of 4 borstelharen; kieuwbladen met duidelijke donkere vlekken,,CERCION
juffer_lepel_8,B,• Labiale palp met 5 of meer borstelharen; kieuwbladen egaler van kleur,,ERYTHROMMA_ALT
juffer_lepel_9,A,• Kieuwbladen erg lang en smal (meer dan 6x zo lang als breed); abdomen zonder achterranddoorntjes,,NEHALENNIA
juffer_lepel_9,B,• Kieuwbladen korter; sternieten van het abdomen met rijen kleine doorntjes,juffer_lepel_10,
juffer_lepel_10,A,"• Sternieten van abdomen met een dichte, doorlopende rij doorntjes langs de achterrand",,COENAGRION_MORF
juffer_lepel_10,B,• Sternieten van abdomen met een onderbroken rij of alleen plukjes doorntjes in de hoeken,juffer_lepel_11,
juffer_lepel_11,A,"• Kieuwblad geleidelijk eindigend in een scherpe, symmetrische punt; tracheeën fijn vertakt",juffer_lepel_12,
juffer_lepel_11,B,• Kieuwblad abrupter eindigend in een fijne draadvormige punt; hoofdbuizen dik,juffer_lepel_13,
juffer_lepel_12,A,• Kleine doorntjes op de achterranden van sternieten 2 tot 6 aanwezig,,ISCHNURA
juffer_lepel_12,B,• Geen doorntjes aanwezig op de achterranden van de sternieten 2 tot 6,,COENAGRION
juffer_lepel_13,A,• Achterranden van abdominale sternieten 7 tot 9 met een opvallend dichte rij van borstelhaartjes,,ENALLAGMA
juffer_lepel_13,B,"• Achterranden van abdominale sternieten 7 tot 9 nagenoeg kaal, hooguit enkele losse haartjes",,COENAGRION_ALT
